[{"id":"user-image-sejt_diagram-3.png","fileName":"sejt_diagram-3.png","name":"sejt_diagram-3","publicUrl":"https://assets.nicepagecdn.com/0984d9e5/6022940/images/sejt_diagram-3.png","size":136335,"hash":"N/8uj5fHX7ok1b2+qY5rBz031go=","width":998,"height":959,"folderId":null,"usages":["6022859","6022941"],"thumbnail":{"url":"https://assets.nicepagecdn.com/0984d9e5/6022940/images/sejt_diagram-3.png","width":998,"height":959}},{"id":"user-image-sejt_diagram-POSTER.png","fileName":"sejt_diagram-POSTER.png","name":"sejt_diagram-POSTER","publicUrl":"https://assets.nicepagecdn.com/0984d9e5/6022940/images/sejt_diagram-POSTER.png","size":188782,"hash":"gdVNh1ksbiR5F/avFD5WnMJ8+R8=","width":1105,"height":1094,"folderId":null,"usages":[],"thumbnail":{"url":"https://assets.nicepagecdn.com/0984d9e5/6022940/images/sejt_diagram-POSTER.png","width":1105,"height":1094}},{"id":"user-image-image.png","fileName":"image.png","name":"image","publicUrl":"https://assets.nicepagecdn.com/0984d9e5/6022940/images/image.png","size":18380,"hash":"G2RU4ywwQ9XmFd8W66CAH8Qumn4=","width":300,"height":256,"folderId":null,"usages":[],"thumbnail":{"url":"https://assets.nicepagecdn.com/0984d9e5/6022940/images/image.png","width":300,"height":256}},{"id":"user-image-Skrmbillede2023-10-27004717.png","fileName":"Skrmbillede2023-10-27004717.png","name":"Skrmbillede2023-10-27004717","publicUrl":"https://assets.nicepagecdn.com/0984d9e5/6022940/images/Skrmbillede2023-10-27004717.png","size":350415,"hash":"4T51W2IxIcQgFgIe02ZFSF/ltKE=","width":893,"height":851,"folderId":null,"usages":["6022863"],"thumbnail":{"url":"https://assets.nicepagecdn.com/0984d9e5/6022940/images/Skrmbillede2023-10-27004717.png","width":893,"height":851}},{"id":"user-image-Skrmbillede2023-10-27004602.png","fileName":"Skrmbillede2023-10-27004602.png","name":"Skrmbillede2023-10-27004602","publicUrl":"https://assets.nicepagecdn.com/0984d9e5/6022940/images/Skrmbillede2023-10-27004602.png","size":349149,"hash":"RqJG+YQR7g1Jw/h5aIKf0m5f9jE=","width":990,"height":760,"folderId":null,"usages":[],"thumbnail":{"url":"https://assets.nicepagecdn.com/0984d9e5/6022940/images/Skrmbillede2023-10-27004602.png","width":990,"height":760}},{"id":"user-image-Skrmbillede2023-10-27003156.png","fileName":"Skrmbillede2023-10-27003156.png","name":"Skrmbillede2023-10-27003156","publicUrl":"https://assets.nicepagecdn.com/0984d9e5/6022940/images/Skrmbillede2023-10-27003156.png","size":28771,"hash":"B+feekUQdIO/2IbjzNBvyzzdO+U=","width":1167,"height":282,"folderId":null,"usages":["6022863"],"thumbnail":{"url":"https://assets.nicepagecdn.com/0984d9e5/6022940/images/Skrmbillede2023-10-27003156.png","width":1167,"height":282}},{"id":"user-image-Skrmbillede2023-10-270026212.png","fileName":"Skrmbillede2023-10-270026212.png","name":"Skrmbillede2023-10-270026212","publicUrl":"https://assets.nicepagecdn.com/0984d9e5/6022940/images/Skrmbillede2023-10-270026212.png","size":327193,"hash":"+bFtfNhVeptWpPncRLGuSR4SpGY=","width":662,"height":267,"folderId":null,"usages":["6022863"],"thumbnail":{"url":"https://assets.nicepagecdn.com/0984d9e5/6022940/images/Skrmbillede2023-10-270026212.png","width":662,"height":267}},{"id":"user-image-LrecMarseille2022.png","fileName":"LrecMarseille2022.png","name":"LrecMarseille2022","publicUrl":"https://assets.nicepagecdn.com/0984d9e5/6022940/images/LrecMarseille2022.png","size":74088,"hash":"SLKW0rbD4ovkBBCNOwo6LWssk+g=","width":480,"height":211,"folderId":null,"usages":["6022863"],"thumbnail":{"url":"https://assets.nicepagecdn.com/0984d9e5/6022940/images/LrecMarseille2022.png","width":480,"height":211}},{"id":"user-image-nuyt.png","fileName":"nuyt.png","name":"nuyt","publicUrl":"https://assets.nicepagecdn.com/0984d9e5/6022940/images/nuyt.png","size":92535,"hash":"CIqo3nH3AUZ9nqDidsR/nSH//co=","width":952,"height":452,"folderId":null,"usages":[],"thumbnail":{"url":"https://assets.nicepagecdn.com/0984d9e5/6022940/images/nuyt.png","width":952,"height":452}},{"id":"user-image-2877.jpg","fileName":"2877.jpg","name":"2877","publicUrl":"https://assets.nicepagecdn.com/0984d9e5/6022940/images/2877.jpg","size":123200,"hash":"DadrW/59tCevgzJeNHKF6KBtBbo=","width":500,"height":739,"folderId":null,"usages":["6022862"],"thumbnail":{"url":"https://assets.nicepagecdn.com/0984d9e5/6022940/images/2877.jpg","width":500,"height":739}},{"id":"user-image-begrebsordbog.jpg","fileName":"begrebsordbog.jpg","name":"begrebsordbog","publicUrl":"https://assets.nicepagecdn.com/0984d9e5/6022940/images/begrebsordbog.jpg","size":92680,"hash":"sjoSLqSvwtYWJoZDjp9dtWqH8gk=","width":584,"height":584,"folderId":null,"usages":[],"thumbnail":{"url":"https://assets.nicepagecdn.com/0984d9e5/6022940/images/begrebsordbog.jpg","width":584,"height":584}},{"id":"user-image-Billede1.jpg","fileName":"Billede1.jpg","name":"Billede1","publicUrl":"https://assets.nicepagecdn.com/0984d9e5/6022940/images/Billede1.jpg","size":443147,"hash":"Ozk5jpvpxJtHed03Ngl16CG/T0k=","width":2000,"height":1186,"folderId":null,"usages":[],"thumbnail":{"url":"https://assets.nicepagecdn.com/0984d9e5/6022940/images/Billede1.jpg","width":2000,"height":1186}},{"id":"user-image-beo_paskra.jpg","fileName":"beo_paskra.jpg","name":"beo_paskra","publicUrl":"https://assets.nicepagecdn.com/0984d9e5/6022940/images/beo_paskra.jpg","size":283576,"hash":"aYI7NCPa5mJvXSZ47e1spYAd1Z0=","width":1920,"height":1011,"folderId":null,"usages":[],"thumbnail":{"url":"https://assets.nicepagecdn.com/0984d9e5/6022940/images/beo_paskra.jpg","width":1920,"height":1011}},{"id":"user-image-kop_logo_bund.png","fileName":"kop_logo_bund.png","name":"kop_logo_bund","publicUrl":"https://assets.nicepagecdn.com/0984d9e5/6022940/images/kop_logo_bund.png","size":57558,"hash":"zwVLEHbR6gGdcyQKUw8YiEhBkQ0=","width":507,"height":443,"folderId":null,"usages":["6022862"],"thumbnail":{"url":"https://assets.nicepagecdn.com/0984d9e5/6022940/images/kop_logo_bund.png","width":507,"height":443}},{"id":"user-image-1.jpeg","fileName":"1.jpeg","name":"1","publicUrl":"https://assets.nicepagecdn.com/0984d9e5/6022940/images/1.jpeg","size":37053,"hash":"XCWhwemuviR/dFjqwH+4TiGOHAY=","width":1024,"height":256,"folderId":null,"usages":[],"thumbnail":{"url":"https://assets.nicepagecdn.com/0984d9e5/6022940/images/1.jpeg","width":1024,"height":256}},{"id":"user-image-1.svg","fileName":"1.svg","name":"1","publicUrl":"https://assets.nicepagecdn.com/0984d9e5/6022940/images/1.svg","size":903,"hash":"d6oMEF0fOU3vwXtSUuO0dk8+pjo=","width":256,"height":256,"folderId":null,"usages":[],"thumbnail":{"url":"https://assets.nicepagecdn.com/0984d9e5/6022940/images/1.svg","width":256,"height":256}},{"id":"user-image-2.jpeg","fileName":"2.jpeg","name":"2","publicUrl":"https://assets.nicepagecdn.com/0984d9e5/6022940/images/2.jpeg","size":41645,"hash":"AQSj1nGJz1TY3w6AAyvvipKecZg=","width":1024,"height":256,"folderId":null,"usages":[],"thumbnail":{"url":"https://assets.nicepagecdn.com/0984d9e5/6022940/images/2.jpeg","width":1024,"height":256}},{"id":"user-image-2.svg","fileName":"2.svg","name":"2","publicUrl":"https://assets.nicepagecdn.com/0984d9e5/6022940/images/2.svg","size":1438,"hash":"QFw/q0NWOIMkMul3AmfK6pz6L8s=","width":256,"height":256,"folderId":null,"usages":[],"thumbnail":{"url":"https://assets.nicepagecdn.com/0984d9e5/6022940/images/2.svg","width":256,"height":256}},{"id":"user-image-3.jpeg","fileName":"3.jpeg","name":"3","publicUrl":"https://assets.nicepagecdn.com/0984d9e5/6022940/images/3.jpeg","size":28523,"hash":"4wc6yxO6trvUWNn7PENaLw13Onw=","width":1024,"height":256,"folderId":null,"usages":[],"thumbnail":{"url":"https://assets.nicepagecdn.com/0984d9e5/6022940/images/3.jpeg","width":1024,"height":256}},{"id":"user-image-3.svg","fileName":"3.svg","name":"3","publicUrl":"https://assets.nicepagecdn.com/0984d9e5/6022940/images/3.svg","size":917,"hash":"n6hNWk8P+OnnSSUPZti9vWDhlwc=","width":256,"height":256,"folderId":null,"usages":[],"thumbnail":{"url":"https://assets.nicepagecdn.com/0984d9e5/6022940/images/3.svg","width":256,"height":256}},{"id":"user-image-4.svg","fileName":"4.svg","name":"4","publicUrl":"https://assets.nicepagecdn.com/0984d9e5/6022940/images/4.svg","size":2491,"hash":"5A6kcw7ugRVLISotOGUZVgiDoFw=","width":256,"height":256,"folderId":null,"usages":[],"thumbnail":{"url":"https://assets.nicepagecdn.com/0984d9e5/6022940/images/4.svg","width":256,"height":256}},{"id":"user-image-5.svg","fileName":"5.svg","name":"5","publicUrl":"https://assets.nicepagecdn.com/0984d9e5/6022940/images/5.svg","size":1409,"hash":"HdgxiMRSa4zXxC6SnVZJJI7HH8E=","width":256,"height":256,"folderId":null,"usages":[],"thumbnail":{"url":"https://assets.nicepagecdn.com/0984d9e5/6022940/images/5.svg","width":256,"height":256}},{"id":"user-image-6.svg","fileName":"6.svg","name":"6","publicUrl":"https://assets.nicepagecdn.com/0984d9e5/6022940/images/6.svg","size":1370,"hash":"EGfFxefZq3rA6DHvQkFYGdCLPO8=","width":256,"height":256,"folderId":null,"usages":[],"thumbnail":{"url":"https://assets.nicepagecdn.com/0984d9e5/6022940/images/6.svg","width":256,"height":256}},{"id":"user-image-COR-S_logo.png","fileName":"COR-S_logo.png","name":"COR-S_logo","publicUrl":"https://assets.nicepagecdn.com/0984d9e5/6022940/images/COR-S_logo.png","size":51716,"hash":"LD6sbJEmh8AL+07iP60aJEE4bjE=","width":383,"height":413,"folderId":null,"usages":["6022862"],"thumbnail":{"url":"https://assets.nicepagecdn.com/0984d9e5/6022940/images/COR-S_logo.png","width":383,"height":413}},{"id":"user-image-Skrmbillede2021-11-15133355.png","fileName":"Skrmbillede2021-11-15133355.png","name":"Skrmbillede2021-11-15133355","publicUrl":"https://assets.nicepagecdn.com/0984d9e5/6022940/images/Skrmbillede2021-11-15133355.png","size":98913,"hash":"pYBlvRW3t0n5UZUomdectzMkT5g=","width":1003,"height":507,"folderId":null,"usages":[],"thumbnail":{"url":"https://assets.nicepagecdn.com/0984d9e5/6022940/images/Skrmbillede2021-11-15133355.png","width":1003,"height":507}},{"id":"user-image-Skrmbillede2021-11-15151850.png","fileName":"Skrmbillede2021-11-15151850.png","name":"Skrmbillede2021-11-15151850","publicUrl":"https://assets.nicepagecdn.com/0984d9e5/6022940/images/Skrmbillede2021-11-15151850.png","size":96464,"hash":"hZywgSxN8yw8cq2zx4ON2Q7SejA=","width":468,"height":658,"folderId":null,"usages":["6022863"],"thumbnail":{"url":"https://assets.nicepagecdn.com/0984d9e5/6022940/images/Skrmbillede2021-11-15151850.png","width":468,"height":658}},{"id":"user-image-Skrmbillede2021-11-15152212.png","fileName":"Skrmbillede2021-11-15152212.png","name":"Skrmbillede2021-11-15152212","publicUrl":"https://assets.nicepagecdn.com/0984d9e5/6022940/images/Skrmbillede2021-11-15152212.png","size":40128,"hash":"oNFt9FsOaPZuSCczAMlMRLMB9xU=","width":865,"height":528,"folderId":null,"usages":["6022863"],"thumbnail":{"url":"https://assets.nicepagecdn.com/0984d9e5/6022940/images/Skrmbillede2021-11-15152212.png","width":865,"height":528}},{"id":"user-image-image_123923953.JPG","fileName":"image_123923953.JPG","name":"image_123923953","publicUrl":"https://assets.nicepagecdn.com/0984d9e5/6022940/images/image_123923953.JPG","size":199984,"hash":"lvQtrMPrarHXUIWqE5zgAmR1Idg=","width":960,"height":1280,"folderId":null,"usages":["6022859","6022941"],"thumbnail":{"url":"https://assets.nicepagecdn.com/0984d9e5/6022940/images/image_123923953.JPG","width":960,"height":1280}},{"id":"user-image-image_16819457.JPG","fileName":"image_16819457.JPG","name":"image_16819457","publicUrl":"https://assets.nicepagecdn.com/0984d9e5/6022940/images/image_16819457.JPG","size":169031,"hash":"f3iHdZFz4FfvhFX5+0FbQ4MSmgE=","width":1600,"height":1202,"folderId":null,"usages":["6022861"],"thumbnail":{"url":"https://assets.nicepagecdn.com/0984d9e5/6022940/images/image_16819457.JPG","width":1600,"height":1202}},{"id":"user-image-image_6483441.JPG","fileName":"image_6483441.JPG","name":"image_6483441","publicUrl":"https://assets.nicepagecdn.com/0984d9e5/6022940/images/image_6483441.JPG","size":416014,"hash":"cnrfozQE/O+mJuNsLcStpQfahAY=","width":1600,"height":1200,"folderId":null,"usages":["6022860"],"thumbnail":{"url":"https://assets.nicepagecdn.com/0984d9e5/6022940/images/image_6483441.JPG","width":1600,"height":1200}},{"id":"user-image-ku_logo.png","fileName":"ku_logo.png","name":"ku_logo","publicUrl":"https://assets.nicepagecdn.com/0984d9e5/6022940/images/ku_logo.png","size":26495,"hash":"viEJFitpx98HiZymN2CXpQFribo=","width":370,"height":387,"folderId":null,"usages":["6022862"],"thumbnail":{"url":"https://assets.nicepagecdn.com/0984d9e5/6022940/images/ku_logo.png","width":370,"height":387}},{"id":"user-image-neural_network.png","fileName":"neural_network.png","name":"neural_network","publicUrl":"https://assets.nicepagecdn.com/0984d9e5/6022940/images/neural_network.png","size":48174,"hash":"IT48Tpn/DvsPFlijWq4BtwlTffo=","width":442,"height":382,"folderId":null,"usages":["6022859","6022941"],"thumbnail":{"url":"https://assets.nicepagecdn.com/0984d9e5/6022940/images/neural_network.png","width":442,"height":382}},{"id":"user-image-vector_space_daf.png","fileName":"vector_space_daf.png","name":"vector_space_daf","publicUrl":"https://assets.nicepagecdn.com/0984d9e5/6022940/images/vector_space_daf.png","size":10124,"hash":"b/KRlDZUyXcck1OAzAjKMXH6Sko=","width":451,"height":435,"folderId":null,"usages":["6022859","6022941"],"thumbnail":{"url":"https://assets.nicepagecdn.com/0984d9e5/6022940/images/vector_space_daf.png","width":451,"height":435}}]