[{"id":6022941,"title":"Home","order":0,"templateKey":null,"customTemplate":false,"customTemplateFilename":null,"pageLinks":[],"dateCreated":"2023-10-26T23:50:38.157","dateUpdated":"2023-10-26T23:57:41.831Z","folderId":null,"pageName":"Home_6022941","serverPageId":null,"sectionCount":1,"status":2},{"id":6022942,"title":"About me","order":0,"templateKey":null,"customTemplate":false,"customTemplateFilename":null,"pageLinks":[""],"dateCreated":"2023-10-26T23:50:38.42","dateUpdated":"2023-10-26T23:50:38.577","folderId":null,"pageName":"About me_6022942","serverPageId":null,"sectionCount":0,"status":2},{"id":6022943,"title":"Contact","order":0,"templateKey":null,"customTemplate":false,"customTemplateFilename":null,"pageLinks":[""],"dateCreated":"2023-10-26T23:50:38.687","dateUpdated":"2023-10-26T23:50:38.827","folderId":null,"pageName":null,"serverPageId":null,"sectionCount":0,"status":2},{"id":6022944,"title":"Projects","order":0,"templateKey":null,"customTemplate":false,"customTemplateFilename":null,"pageLinks":[""],"dateCreated":"2023-10-26T23:50:39.077","dateUpdated":"2023-10-26T23:50:39.267","folderId":null,"pageName":null,"serverPageId":null,"sectionCount":0,"status":2},{"id":6022945,"title":"Research","order":0,"templateKey":null,"customTemplate":false,"customTemplateFilename":null,"pageLinks":[""],"dateCreated":"2023-10-26T23:50:39.42","dateUpdated":"2023-10-26T23:50:39.61","folderId":null,"pageName":null,"serverPageId":null,"sectionCount":0,"status":2},{"id":6022946,"title":"Blog Template","order":0,"templateKey":"blog","customTemplate":false,"customTemplateFilename":null,"pageLinks":[""],"dateCreated":"2023-10-26T23:50:39.813","dateUpdated":"2023-10-26T23:50:40.047","folderId":null,"pageName":null,"serverPageId":null,"sectionCount":0,"status":2},{"id":6022947,"title":"Post Template","order":0,"templateKey":"post","customTemplate":false,"customTemplateFilename":null,"pageLinks":[""],"dateCreated":"2023-10-26T23:50:40.123","dateUpdated":"2023-10-26T23:50:40.313","folderId":null,"pageName":null,"serverPageId":null,"sectionCount":0,"status":2},{"id":6022948,"title":"Product List Template","order":0,"templateKey":"products","customTemplate":false,"customTemplateFilename":null,"pageLinks":[""],"dateCreated":"2023-10-26T23:50:40.39","dateUpdated":"2023-10-26T23:50:40.577","folderId":null,"pageName":null,"serverPageId":null,"sectionCount":0,"status":2},{"id":6022949,"title":"Product Details Template","order":0,"templateKey":"product","customTemplate":false,"customTemplateFilename":null,"pageLinks":[""],"dateCreated":"2023-10-26T23:50:40.797","dateUpdated":"2023-10-26T23:50:40.953","folderId":null,"pageName":null,"serverPageId":null,"sectionCount":0,"status":2},{"id":6022950,"title":"Shopping Cart Template","order":0,"templateKey":"cart","customTemplate":false,"customTemplateFilename":null,"pageLinks":[""],"dateCreated":"2023-10-26T23:50:41.17","dateUpdated":"2023-10-26T23:50:41.36","folderId":null,"pageName":null,"serverPageId":null,"sectionCount":0,"status":2},{"id":6022951,"title":"Login Template","order":0,"templateKey":"login","customTemplate":false,"customTemplateFilename":null,"pageLinks":[""],"dateCreated":"2023-10-26T23:50:41.577","dateUpdated":"2023-10-26T23:50:41.813","folderId":null,"pageName":null,"serverPageId":null,"sectionCount":0,"status":2},{"id":6022952,"title":"Password Template","order":0,"templateKey":"password","customTemplate":false,"customTemplateFilename":null,"pageLinks":[""],"dateCreated":"2023-10-26T23:50:42.03","dateUpdated":"2023-10-26T23:50:42.187","folderId":null,"pageName":null,"serverPageId":null,"sectionCount":0,"status":2},{"id":6022953,"title":"404 Not Found Template","order":0,"templateKey":"404","customTemplate":false,"customTemplateFilename":null,"pageLinks":[""],"dateCreated":"2023-10-26T23:50:42.39","dateUpdated":"2023-10-26T23:50:42.563","folderId":null,"pageName":null,"serverPageId":null,"sectionCount":0,"status":2},{"id":6022954,"title":"Thank You Template","order":0,"templateKey":"ThankYou","customTemplate":false,"customTemplateFilename":null,"pageLinks":[""],"dateCreated":"2023-10-26T23:50:42.767","dateUpdated":"2023-10-26T23:50:42.937","folderId":null,"pageName":null,"serverPageId":null,"sectionCount":0,"status":2}]